file_name,file_url
19541812538_beb5bb2e85_o.jpg,https://live.staticflickr.com/431/19541812538_beb5bb2e85_o_d.jpg
19543251759_94b461ce9b_o.jpg,https://live.staticflickr.com/382/19543251759_94b461ce9b_o_d.jpg
19722659592_81cae5a53d_o.jpg,https://live.staticflickr.com/524/19722659592_81cae5a53d_o_d.jpg
19542583730_2d0197465c_o.jpg,https://live.staticflickr.com/458/19542583730_2d0197465c_o_d.jpg
19542710590_e918821d59_o.jpg,https://live.staticflickr.com/519/19542710590_e918821d59_o_d.jpg
19543900930_469aa9f885_o.jpg,https://live.staticflickr.com/531/19543900930_469aa9f885_o_d.jpg
19546560859_e03069cb34_o.jpg,https://live.staticflickr.com/509/19546560859_e03069cb34_o_d.jpg
19733175705_93c3da3143_o.jpg,https://live.staticflickr.com/538/19733175705_93c3da3143_o_d.jpg
19706964316_a142fee053_o.jpg,https://live.staticflickr.com/332/19706964316_a142fee053_o_d.jpg
19545958858_58b543e47a_o.jpg,https://live.staticflickr.com/393/19545958858_58b543e47a_o_d.jpg
19738643971_6d0f90215c_o.jpg,https://live.staticflickr.com/350/19738643971_6d0f90215c_o_d.jpg
19113085793_22aafcd2a9_o.jpg,https://live.staticflickr.com/448/19113085793_22aafcd2a9_o_d.jpg
19545976250_4fd830e06d_o.jpg,https://live.staticflickr.com/361/19545976250_4fd830e06d_o_d.jpg
19546338760_73dfcf346a_o.jpg,https://live.staticflickr.com/535/19546338760_73dfcf346a_o_d.jpg
19739009501_b84a845689_o.jpg,https://live.staticflickr.com/477/19739009501_b84a845689_o_d.jpg
19739006861_fc5011859e_o.jpg,https://live.staticflickr.com/339/19739006861_fc5011859e_o_d.jpg
19546957318_fe4bce9853_o.jpg,https://live.staticflickr.com/258/19546957318_fe4bce9853_o_d.jpg
19708798886_50b09586fc_o.jpg,https://live.staticflickr.com/361/19708798886_50b09586fc_o_d.jpg
19739648381_e1684ba04a_o.jpg,https://live.staticflickr.com/301/19739648381_e1684ba04a_o_d.jpg
19739639801_465c4e98c7_o.jpg,https://live.staticflickr.com/334/19739639801_465c4e98c7_o_d.jpg
19546963930_f7885382a0_o.jpg,https://live.staticflickr.com/261/19546963930_f7885382a0_o_d.jpg
19734996725_8812490fd9_o.jpg,https://live.staticflickr.com/419/19734996725_8812490fd9_o_d.jpg
19735717665_7c297a542c_o.jpg,https://live.staticflickr.com/381/19735717665_7c297a542c_o_d.jpg
19709509236_f47d784763_o.jpg,https://live.staticflickr.com/297/19709509236_f47d784763_o_d.jpg
19549091369_72f3c18b01_o.jpg,https://live.staticflickr.com/448/19549091369_72f3c18b01_o_d.jpg
19548211060_d2d30541f0_o.jpg,https://live.staticflickr.com/401/19548211060_d2d30541f0_o_d.jpg
19113904944_01a2605828_o.jpg,https://live.staticflickr.com/376/19113904944_01a2605828_o_d.jpg
19729268922_3295d77483_o.jpg,https://live.staticflickr.com/407/19729268922_3295d77483_o_d.jpg
19548424488_298f4c9901_o.jpg,https://live.staticflickr.com/274/19548424488_298f4c9901_o_d.jpg
19729268492_9713806a15_o.jpg,https://live.staticflickr.com/393/19729268492_9713806a15_o_d.jpg
19710278186_abd8299fa1_o.jpg,https://live.staticflickr.com/462/19710278186_abd8299fa1_o_d.jpg
19548443210_9142d17b1e_o.jpg,https://live.staticflickr.com/539/19548443210_9142d17b1e_o_d.jpg
19548418858_ab6f59edbd_o.jpg,https://live.staticflickr.com/519/19548418858_ab6f59edbd_o_d.jpg
19548438560_7706369eab_o.jpg,https://live.staticflickr.com/524/19548438560_7706369eab_o_d.jpg
19736465385_eaa0ae3d47_o.jpg,https://live.staticflickr.com/351/19736465385_eaa0ae3d47_o_d.jpg
19548434030_1769390247_o.jpg,https://live.staticflickr.com/358/19548434030_1769390247_o_d.jpg
19548548278_b67ac3846f_o.jpg,https://live.staticflickr.com/469/19548548278_b67ac3846f_o_d.jpg
19548564460_959973ffd8_o.jpg,https://live.staticflickr.com/276/19548564460_959973ffd8_o_d.jpg
19729362222_db18acc253_o.jpg,https://live.staticflickr.com/557/19729362222_db18acc253_o_d.jpg
19114025674_4b2449daaf_o.jpg,https://live.staticflickr.com/466/19114025674_4b2449daaf_o_d.jpg
19710385146_91520e4cc8_o.jpg,https://live.staticflickr.com/310/19710385146_91520e4cc8_o_d.jpg
19548520768_d7cb068b04_o.jpg,https://live.staticflickr.com/442/19548520768_d7cb068b04_o_d.jpg
19736571245_04bcf57918_o.jpg,https://live.staticflickr.com/267/19736571245_04bcf57918_o_d.jpg
19741215291_f773cbd8dd_o.jpg,https://live.staticflickr.com/335/19741215291_f773cbd8dd_o_d.jpg
19729372912_f6a59a0c7f_o.jpg,https://live.staticflickr.com/403/19729372912_f6a59a0c7f_o_d.jpg
