url_link,
https://live.staticflickr.com/8753/28188648372_339ca52c03_o_d.jpg,
https://live.staticflickr.com/8805/28188648272_5995bdc8a4_o_d.jpg,
https://live.staticflickr.com/8847/27677053283_b4503ea083_o_d.jpg,
https://live.staticflickr.com/7729/28188648172_2f88ce2c08_o_d.jpg,
https://live.staticflickr.com/7664/28011197680_4d38905f03_o_d.jpg,
https://live.staticflickr.com/8820/28188648002_910d7407cd_o_d.jpg,
https://live.staticflickr.com/8678/28292908255_8bbbd05685_o_d.jpg,
https://live.staticflickr.com/8855/27677316113_f2cba3cdc0_o_d.jpg,
https://live.staticflickr.com/7282/28214373401_91985e57d3_o_d.jpg,
https://live.staticflickr.com/8883/27677401223_794c8085a4_o_d.jpg,
https://live.staticflickr.com/8827/27677401153_b93c432623_o_d.jpg,
https://live.staticflickr.com/7702/27677400973_912a150b9c_o_d.jpg,
https://live.staticflickr.com/8851/28189245122_068d8317fb_o_d.jpg,
https://live.staticflickr.com/8865/28011936540_b338dab92c_o_d.jpg,
https://live.staticflickr.com/8805/28259379006_c16f775518_o_d.jpg,
https://live.staticflickr.com/8872/28293505635_7520ba02b7_o_d.jpg,
https://live.staticflickr.com/8872/27677967993_a15517a19e_o_d.jpg,
https://live.staticflickr.com/8578/28215127291_22384bdf4b_o_d.jpg,
https://live.staticflickr.com/7281/28293684425_a02bef4498_o_d.jpg,
https://live.staticflickr.com/7288/28012151520_b4d102ecde_o_d.jpg,
https://live.staticflickr.com/8627/27677590554_0ee1aa5db5_o_d.jpg,
https://live.staticflickr.com/8878/27677590454_94eafaf43e_o_d.jpg,
https://live.staticflickr.com/8600/27678281383_70df299157_o_d.jpg,
https://live.staticflickr.com/7285/28293887465_401574bb51_o_d.jpg,
https://live.staticflickr.com/7555/27678281223_080ca54643_o_d.jpg,
https://live.staticflickr.com/8580/27678279303_8053721dcb_o_d.jpg,
https://live.staticflickr.com/8794/28293888305_fa9a13bb8e_o_d.jpg,
https://live.staticflickr.com/8886/27678279883_123cc7f533_o_d.jpg,
https://live.staticflickr.com/8805/28293887625_bb384e1104_o_d.jpg,
https://live.staticflickr.com/8705/28012474650_966df8f9d7_o_d.jpg,
https://live.staticflickr.com/8875/27677873434_6e1ef2bcae_o_d.jpg,
https://live.staticflickr.com/7289/28012613050_1486f9a022_o_d.jpg,
https://live.staticflickr.com/8709/27678513863_c2f9b34a5b_o_d.jpg,
https://live.staticflickr.com/8691/28012612960_c049fb38bd_o_d.jpg,
https://live.staticflickr.com/8661/28215549031_78e20f093d_o_d.jpg,
https://live.staticflickr.com/7574/27678513443_f5a05c97d0_o_d.jpg,
https://live.staticflickr.com/8764/27678513103_d53e21a964_o_d.jpg,
https://live.staticflickr.com/8893/27678730053_89db6b2c05_o_d.jpg,
https://live.staticflickr.com/8654/28215761961_213e4d0554_o_d.jpg,
https://live.staticflickr.com/7699/27678905153_4010b2812d_o_d.jpg,
https://live.staticflickr.com/7737/27678904833_6666228f1e_o_d.jpg,
https://live.staticflickr.com/7493/27678381164_f037368e1c_o_d.jpg,